ticker,error,verdict,confidence,regime,mtf_signal,mtf_confluence,reddit_mentions,reddit_sentiment,earnings_trend,earnings_beat_streak,days_to_earnings,insider_sentiment,insider_net_value_millions,confluence_score,warnings,pros_count,cons_count,insider_net_value
MSFT,,COMPRA ðŸŸ¢,29.7,N/A,N/A,0,0,N/A,N/A,0,,N/A,0.0,0,NONE,7.0,1.0,
ARM,,NEUTRAL âšª,9.8,N/A,N/A,0,0,N/A,N/A,0,,N/A,0.0,0,NONE,5.0,5.0,
ORCL,,NEUTRAL âšª,11.4,N/A,N/A,0,0,N/A,N/A,0,,N/A,0.0,0,NONE,6.0,3.0,
META,,NEUTRAL âšª,11.4,N/A,N/A,0,0,N/A,N/A,0,,N/A,0.0,0,NONE,5.0,3.0,
BABA,,COMPRA ðŸŸ¢,36.2,N/A,N/A,0,0,N/A,N/A,0,,N/A,0.0,0,NONE,8.0,2.0,
WMT,,COMPRA ðŸŸ¢,42.9,N/A,N/A,0,0,N/A,N/A,0,,N/A,0.0,0,NONE,8.0,1.0,
SOFI,,NEUTRAL âšª,24.9,N/A,N/A,0,0,N/A,N/A,0,,N/A,0.0,0,NONE,6.0,1.0,
NVDA,,COMPRA ðŸŸ¢,33.3,N/A,N/A,0,0,N/A,N/A,0,,N/A,0.0,0,NONE,8.0,0.0,
NKE,,NEUTRAL âšª,13.2,N/A,N/A,0,0,N/A,N/A,0,,N/A,0.0,0,NONE,6.0,2.0,
TSLA,,NEUTRAL âšª,22.2,N/A,N/A,0,0,N/A,N/A,0,,N/A,0.0,0,NONE,6.0,2.0,
AMD,,COMPRA ðŸŸ¢,27.0,N/A,N/A,0,0,N/A,N/A,0,,N/A,0.0,0,NONE,6.0,2.0,
NU,,NEUTRAL âšª,21.8,N/A,N/A,0,0,N/A,N/A,0,,N/A,0.0,0,NONE,3.0,1.0,
AMZN,,COMPRA ðŸŸ¢,30.6,N/A,N/A,0,0,N/A,N/A,0,,N/A,0.0,0,NONE,7.0,0.0,
RIVN,,COMPRA ðŸŸ¢,30.8,N/A,N/A,0,0,N/A,N/A,0,,N/A,0.0,0,NONE,5.0,1.0,
DIS,,COMPRA ðŸŸ¢,29.0,N/A,N/A,0,0,N/A,N/A,0,,N/A,0.0,0,NONE,7.0,1.0,
GOOGL,,COMPRA ðŸŸ¢,32.4,N/A,N/A,0,0,N/A,N/A,0,,N/A,0.0,0,NONE,7.0,0.0,
XOM,,COMPRA ðŸŸ¢,38.4,N/A,N/A,0,0,N/A,N/A,0,,N/A,0.0,0,NONE,8.0,2.0,
OXY,,NEUTRAL âšª,7.9,N/A,N/A,0,0,N/A,N/A,0,,N/A,0.0,0,NONE,5.0,4.0,
LULU,,NEUTRAL âšª,21.6,N/A,N/A,0,0,N/A,N/A,0,,N/A,0.0,0,NONE,7.0,2.0,
CRM,,COMPRA ðŸŸ¢,26.3,N/A,N/A,0,0,N/A,N/A,0,,N/A,0.0,0,NONE,7.0,1.0,
MPW,,NEUTRAL âšª,20.5,N/A,N/A,0,0,N/A,N/A,0,,N/A,0.0,0,NONE,5.0,2.0,
BA,,NEUTRAL âšª,9.2,N/A,N/A,0,0,N/A,N/A,0,,N/A,0.0,0,NONE,2.0,3.0,
JD,,NEUTRAL âšª,14.0,N/A,N/A,0,0,N/A,N/A,0,,N/A,0.0,0,NONE,6.0,3.0,
NVO,,NEUTRAL âšª,16.5,N/A,N/A,0,0,N/A,N/A,0,,N/A,0.0,0,NONE,7.0,3.0,
CMG,,NEUTRAL âšª,12.6,N/A,N/A,0,0,N/A,N/A,0,,N/A,0.0,0,NONE,6.0,2.0,
INTC,,NEUTRAL âšª,24.9,N/A,N/A,0,0,N/A,N/A,0,,N/A,0.0,0,NONE,5.0,2.0,
PLD,,COMPRA ðŸŸ¢,27.6,N/A,N/A,0,0,N/A,N/A,0,,N/A,0.0,0,NONE,6.0,2.0,
AAL,,COMPRA ðŸŸ¢,27.1,N/A,N/A,0,0,N/A,N/A,0,,N/A,0.0,0,NONE,4.0,1.0,
FTNT,,NEUTRAL âšª,9.5,N/A,N/A,0,0,N/A,N/A,0,,N/A,0.0,0,NONE,5.0,3.0,
URA,,NEUTRAL âšª,15.4,N/A,N/A,0,0,N/A,N/A,0,,N/A,0.0,0,NONE,1.0,3.0,
XYZ,,NEUTRAL âšª,11.5,N/A,N/A,0,0,N/A,N/A,0,,N/A,0.0,0,NONE,6.0,2.0,
HD,,NEUTRAL âšª,7.6,N/A,N/A,0,0,N/A,N/A,0,,N/A,0.0,0,NONE,5.0,4.0,
PDD,,NEUTRAL âšª,17.8,N/A,N/A,0,0,N/A,N/A,0,,N/A,0.0,0,NONE,7.0,3.0,
SBUX,,NEUTRAL âšª,9.0,N/A,N/A,0,0,N/A,N/A,0,,N/A,0.0,0,NONE,1.0,4.0,
BIDU,,COMPRA ðŸŸ¢,33.5,N/A,N/A,0,0,N/A,N/A,0,,N/A,0.0,0,NONE,8.0,1.0,
LEN,,NEUTRAL âšª,18.4,N/A,N/A,0,0,N/A,N/A,0,,N/A,0.0,0,NONE,6.0,3.0,
SONY,,NEUTRAL âšª,21.2,N/A,N/A,0,0,N/A,N/A,0,,N/A,0.0,0,NONE,7.0,2.0,
O,,NEUTRAL âšª,24.3,N/A,N/A,0,0,N/A,N/A,0,,N/A,0.0,0,NONE,6.0,2.0,
MMM,,NEUTRAL âšª,21.6,N/A,N/A,0,0,N/A,N/A,0,,N/A,0.0,0,NONE,6.0,2.0,
GE,,NEUTRAL âšª,18.6,N/A,N/A,0,0,N/A,N/A,0,,N/A,0.0,0,NONE,6.0,2.0,
AAPL,,COMPRA ðŸŸ¢,32.4,N/A,N/A,0,0,N/A,N/A,0,,N/A,0.0,0,NONE,7.0,1.0,
JPM,,NEUTRAL âšª,19.2,N/A,N/A,0,0,N/A,N/A,0,,N/A,0.0,0,NONE,3.0,1.0,
V,,COMPRA ðŸŸ¢,40.2,N/A,N/A,0,0,N/A,N/A,0,,N/A,0.0,0,NONE,7.0,1.0,
MA,,COMPRA ðŸŸ¢,29.4,N/A,N/A,0,0,N/A,N/A,0,,N/A,0.0,0,NONE,7.0,1.0,
GS,,NEUTRAL âšª,22.5,N/A,N/A,0,0,N/A,N/A,0,,N/A,0.0,0,NONE,5.0,0.0,
BRK.B,No se encontraron datos histÃ³ricos para BRK.B,ERROR,0.0,,,0,0,,,0,,,,0,,,,0.0
UNH,,NEUTRAL âšª,18.9,N/A,N/A,0,0,N/A,N/A,0,,N/A,0.0,0,NONE,7.0,2.0,
LLY,,NEUTRAL âšª,20.4,N/A,N/A,0,0,N/A,N/A,0,,N/A,0.0,0,NONE,6.0,3.0,
JNJ,,COMPRA ðŸŸ¢,40.5,N/A,N/A,0,0,N/A,N/A,0,,N/A,0.0,0,NONE,8.0,1.0,
ABBV,,COMPRA ðŸŸ¢,25.3,N/A,N/A,0,0,N/A,N/A,0,,N/A,0.0,0,NONE,4.0,1.0,
PG,,NEUTRAL âšª,18.9,N/A,N/A,0,0,N/A,N/A,0,,N/A,0.0,0,NONE,6.0,3.0,
KO,,COMPRA ðŸŸ¢,40.5,N/A,N/A,0,0,N/A,N/A,0,,N/A,0.0,0,NONE,8.0,0.0,
COST,,NEUTRAL âšª,15.5,N/A,N/A,0,0,N/A,N/A,0,,N/A,0.0,0,NONE,7.0,4.0,
MCD,,COMPRA ðŸŸ¢,29.0,N/A,N/A,0,0,N/A,N/A,0,,N/A,0.0,0,NONE,3.0,2.0,
AVGO,,COMPRA ðŸŸ¢,27.0,N/A,N/A,0,0,N/A,N/A,0,,N/A,0.0,0,NONE,7.0,1.0,
NFLX,,NEUTRAL âšª,15.1,N/A,N/A,0,0,N/A,N/A,0,,N/A,0.0,0,NONE,6.0,2.0,
ADBE,,NEUTRAL âšª,17.8,N/A,N/A,0,0,N/A,N/A,0,,N/A,0.0,0,NONE,6.0,3.0,
NOW,,NEUTRAL âšª,15.8,N/A,N/A,0,0,N/A,N/A,0,,N/A,0.0,0,NONE,6.0,3.0,
CAT,,COMPRA ðŸŸ¢,27.0,N/A,N/A,0,0,N/A,N/A,0,,N/A,0.0,0,NONE,6.0,2.0,
VOO,,NEUTRAL âšª,14.9,N/A,N/A,0,0,N/A,N/A,0,,N/A,0.0,0,NONE,3.0,3.0,
SPY,,NEUTRAL âšª,14.9,N/A,N/A,0,0,N/A,N/A,0,,N/A,0.0,0,NONE,3.0,3.0,
QQQ,,NEUTRAL âšª,14.9,N/A,N/A,0,0,N/A,N/A,0,,N/A,0.0,0,NONE,3.0,3.0,
