ticker,old_error,old_verdict,old_confidence,old_regime,old_mtf_signal,old_mtf_confluence,old_reddit_mentions,old_reddit_sentiment,old_earnings_trend,old_earnings_beat_streak,old_days_to_earnings,old_insider_sentiment,old_insider_net_value_millions,old_confluence_score,old_warnings,old_pros_count,old_cons_count,old_insider_net_value,new_error,new_verdict,new_confidence,new_regime,new_mtf_signal,new_mtf_confluence,new_reddit_mentions,new_reddit_sentiment,new_earnings_trend,new_earnings_beat_streak,new_days_to_earnings,new_insider_sentiment,new_insider_net_value_millions,new_confluence_score,new_warnings,new_pros_count,new_cons_count,new_insider_net_value,confidence_delta,verdict_changed
MSFT,,COMPRA ðŸŸ¢,29.7,,,0,0,,,0,,,0.0,0,NONE,7.0,1.0,,,COMPRA ðŸŸ¢,24.1,BULL,HOLD,100.0,0,NEUTRAL,BEATING,4,-59.0,BEARISH,-27.6,0.0,MTF_DISAGREE|INSIDER_SELLING,8.0,3.0,,-5.599999999999998,False
ARM,,NEUTRAL âšª,9.8,,,0,0,,,0,,,0.0,0,NONE,5.0,5.0,,,NEUTRAL âšª,8.9,BULL,SELL,100.0,0,NEUTRAL,BEATING,3,-52.0,NEUTRAL,0.0,20.0,NONE,7.0,5.0,,-0.9000000000000004,False
ORCL,,NEUTRAL âšª,11.4,,,0,0,,,0,,,0.0,0,NONE,6.0,3.0,,,NEUTRAL âšª,9.2,BULL,HOLD,100.0,0,NEUTRAL,BEATING,2,-17.0,BEARISH,-36.1,0.0,MTF_DISAGREE|INSIDER_SELLING,6.0,5.0,,-2.200000000000001,False
META,,NEUTRAL âšª,11.4,,,0,0,,,0,,,0.0,0,NONE,5.0,3.0,,,NEUTRAL âšª,9.2,BULL,HOLD,67.0,3,BULLISH,MISSING,3,-59.0,BEARISH,-26.8,0.0,MTF_DISAGREE|INSIDER_SELLING,5.0,6.0,,-2.200000000000001,False
BABA,,COMPRA ðŸŸ¢,36.2,,,0,0,,,0,,,0.0,0,NONE,8.0,2.0,,,COMPRA ðŸŸ¢,32.6,BULL,HOLD,100.0,0,NEUTRAL,MISSING,1,-32.0,NEUTRAL,0.0,0.0,MTF_DISAGREE,8.0,4.0,,-3.6000000000000014,False
WMT,,COMPRA ðŸŸ¢,42.9,,,0,0,,,0,,,0.0,0,NONE,8.0,1.0,,,COMPRA ðŸŸ¢,34.7,BULL,HOLD,67.0,0,NEUTRAL,MEETING,3,54.0,BEARISH,-580.7,13.0,MTF_DISAGREE|INSIDER_SELLING,8.0,3.0,,-8.199999999999996,False
SOFI,,NEUTRAL âšª,24.9,,,0,0,,,0,,,0.0,0,NONE,6.0,1.0,,,NEUTRAL âšª,21.3,BULL,HOLD,67.0,0,NEUTRAL,BEATING,4,-60.0,BEARISH,-4.4,0.0,MTF_DISAGREE|INSIDER_SELLING,7.0,3.0,,-3.599999999999998,False
NVDA,,COMPRA ðŸŸ¢,33.3,,,0,0,,,0,,,0.0,0,NONE,8.0,0.0,,,COMPRA ðŸŸ¢,27.0,BULL,HOLD,67.0,3,NEUTRAL,BEATING,4,60.0,BEARISH,-557.8,13.0,MTF_DISAGREE|INSIDER_SELLING,9.0,2.0,,-6.299999999999997,False
NKE,,NEUTRAL âšª,13.2,,,0,0,,,0,,,0.0,0,NONE,6.0,2.0,,,NEUTRAL âšª,11.9,BULL,SELL,67.0,0,NEUTRAL,BEATING,4,-9.0,NEUTRAL,-1.5,27.0,DEATH_CROSS,8.0,3.0,,-1.299999999999999,False
TSLA,,NEUTRAL âšª,22.2,,,0,0,,,0,,,0.0,0,NONE,6.0,2.0,,,NEUTRAL âšª,18.0,BULL,HOLD,67.0,2,NEUTRAL,MISSING,0,-66.0,BEARISH,-26.8,13.0,MTF_DISAGREE|INSIDER_SELLING,6.0,5.0,,-4.199999999999999,False
AMD,,COMPRA ðŸŸ¢,27.0,,,0,0,,,0,,,0.0,0,NONE,6.0,2.0,,,NEUTRAL âšª,21.9,BULL,HOLD,100.0,0,NEUTRAL,MEETING,3,-53.0,BEARISH,-43.7,0.0,MTF_DISAGREE|INSIDER_SELLING,6.0,4.0,,-5.100000000000001,True
NU,,NEUTRAL âšª,21.8,,,0,0,,,0,,,0.0,0,NONE,3.0,1.0,,,NEUTRAL âšª,19.6,BULL,HOLD,50.0,1,NEUTRAL,MEETING,2,60.0,NEUTRAL,0.0,13.0,MTF_DISAGREE,3.0,2.0,,-2.1999999999999993,False
AMZN,,COMPRA ðŸŸ¢,30.6,,,0,0,,,0,,,0.0,0,NONE,7.0,0.0,,,COMPRA ðŸŸ¢,24.8,BULL,HOLD,67.0,1,NEUTRAL,BEATING,4,-58.0,BEARISH,-25.7,13.0,MTF_DISAGREE|INSIDER_SELLING,8.0,2.0,,-5.800000000000001,False
RIVN,,COMPRA ðŸŸ¢,30.8,,,0,0,,,0,,,0.0,0,NONE,5.0,1.0,,,NEUTRAL âšª,26.3,BULL,HOLD,50.0,1,NEUTRAL,BEATING,2,-53.0,BEARISH,-2.3,13.0,MTF_DISAGREE|INSIDER_SELLING,5.0,3.0,,-4.5,True
DIS,,COMPRA ðŸŸ¢,29.0,,,0,0,,,0,,,0.0,0,NONE,7.0,1.0,,,COMPRA ðŸŸ¢,27.4,BULL,HOLD,67.0,0,NEUTRAL,BEATING,4,-44.0,BULLISH,2.0,0.0,MTF_DISAGREE,9.0,2.0,,-1.6000000000000014,False
GOOGL,,COMPRA ðŸŸ¢,32.4,,,0,0,,,0,,,0.0,0,NONE,7.0,0.0,,,COMPRA ðŸŸ¢,29.2,BULL,HOLD,67.0,3,NEUTRAL,BEATING,4,-59.0,NEUTRAL,0.0,13.0,MTF_DISAGREE,8.0,1.0,,-3.1999999999999993,False
XOM,,COMPRA ðŸŸ¢,38.4,,,0,0,,,0,,,0.0,0,NONE,8.0,2.0,,,COMPRA ðŸŸ¢,34.5,BULL,HOLD,67.0,0,NEUTRAL,MEETING,4,-57.0,BEARISH,-0.7,13.0,MTF_DISAGREE|INSIDER_SELLING,8.0,4.0,,-3.8999999999999986,False
OXY,,NEUTRAL âšª,7.9,,,0,0,,,0,,,0.0,0,NONE,5.0,4.0,,,NEUTRAL âšª,8.2,BULL,SELL,100.0,0,NEUTRAL,BEATING,4,-47.0,BULLISH,0.2,33.0,DEATH_CROSS,8.0,5.0,,0.29999999999999893,False
LULU,,NEUTRAL âšª,21.6,,,0,0,,,0,,,0.0,0,NONE,7.0,2.0,,,NEUTRAL âšª,18.4,BULL,SELL,67.0,0,NEUTRAL,BEATING,4,-16.0,BEARISH,-2.9,27.0,INSIDER_SELLING,9.0,3.0,,-3.200000000000003,False
CRM,,COMPRA ðŸŸ¢,26.3,,,0,0,,,0,,,0.0,0,NONE,7.0,1.0,,,NEUTRAL âšª,23.7,BULL,HOLD,67.0,0,NEUTRAL,BEATING,4,-24.0,NEUTRAL,10.8,0.0,MTF_DISAGREE,8.0,2.0,,-2.6000000000000014,True
MPW,,NEUTRAL âšª,20.5,,,0,0,,,0,,,0.0,0,NONE,5.0,2.0,,,NEUTRAL âšª,18.5,BULL,HOLD,100.0,0,NEUTRAL,MISSING,0,-58.0,BEARISH,-0.3,0.0,MTF_DISAGREE|INSIDER_SELLING,5.0,5.0,,-2.0,False
BA,,NEUTRAL âšª,9.2,,,0,0,,,0,,,0.0,0,NONE,2.0,3.0,,,NEUTRAL âšª,8.3,BULL,HOLD,67.0,0,NEUTRAL,MISSING,2,-59.0,NEUTRAL,-0.2,0.0,MTF_DISAGREE,2.0,5.0,,-0.8999999999999986,False
JD,,NEUTRAL âšª,14.0,,,0,0,,,0,,,0.0,0,NONE,6.0,3.0,,,NEUTRAL âšª,12.6,BULL,HOLD,100.0,0,NEUTRAL,BEATING,4,-44.0,NEUTRAL,0.0,0.0,MTF_DISAGREE|DEATH_CROSS,7.0,5.0,,-1.4000000000000004,False
NVO,,NEUTRAL âšª,16.5,,,0,0,,,0,,,0.0,0,NONE,7.0,3.0,,,NEUTRAL âšª,14.9,BULL,HOLD,100.0,0,NEUTRAL,MEETING,3,39.0,NEUTRAL,0.0,0.0,MTF_DISAGREE,7.0,4.0,,-1.5999999999999996,False
CMG,,NEUTRAL âšª,12.6,,,0,0,,,0,,,0.0,0,NONE,6.0,2.0,,,NEUTRAL âšª,11.4,BULL,SELL,67.0,0,NEUTRAL,MEETING,4,38.0,NEUTRAL,-2.3,20.0,NONE,7.0,2.0,,-1.1999999999999993,False
INTC,,NEUTRAL âšª,24.9,,,0,0,,,0,,,0.0,0,NONE,5.0,2.0,,,NEUTRAL âšª,22.4,BULL,HOLD,67.0,0,NEUTRAL,BEATING,3,-65.0,NEUTRAL,0.0,0.0,MTF_DISAGREE,6.0,3.0,,-2.5,False
PLD,,COMPRA ðŸŸ¢,27.6,,,0,0,,,0,,,0.0,0,NONE,6.0,2.0,,,COMPRA ðŸŸ¢,27.3,BULL,HOLD,67.0,0,NEUTRAL,BEATING,3,25.0,BEARISH,-0.2,13.0,MTF_DISAGREE|INSIDER_SELLING,8.0,4.0,,-0.3000000000000007,False
AAL,,COMPRA ðŸŸ¢,27.1,,,0,0,,,0,,,0.0,0,NONE,4.0,1.0,,,NEUTRAL âšª,23.2,BULL,HOLD,67.0,0,NEUTRAL,BEATING,4,-65.0,BEARISH,-1.3,13.0,MTF_DISAGREE|INSIDER_SELLING,5.0,3.0,,-3.900000000000002,True
FTNT,,NEUTRAL âšª,9.5,,,0,0,,,0,,,0.0,0,NONE,5.0,3.0,,,NEUTRAL âšª,7.7,BULL,HOLD,67.0,0,NEUTRAL,BEATING,4,-52.0,BEARISH,-11.5,0.0,MTF_DISAGREE|DEATH_CROSS|INSIDER_SELLING,6.0,6.0,,-1.7999999999999998,False
URA,,NEUTRAL âšª,15.4,,,0,0,,,0,,,0.0,0,NONE,1.0,3.0,,,NEUTRAL âšª,13.8,BULL,HOLD,100.0,0,NEUTRAL,UNKNOWN,0,,NEUTRAL,0.0,0.0,MTF_DISAGREE,1.0,4.0,,-1.5999999999999996,False
XYZ,,NEUTRAL âšª,11.5,,,0,0,,,0,,,0.0,0,NONE,6.0,2.0,,,NEUTRAL âšª,9.3,BULL,SELL,67.0,0,NEUTRAL,MISSING,0,-51.0,BEARISH,-6.0,20.0,INSIDER_SELLING,7.0,4.0,,-2.1999999999999993,False
HD,,NEUTRAL âšª,7.6,,,0,0,,,0,,,0.0,0,NONE,5.0,4.0,,,NEUTRAL âšª,6.8,BULL,HOLD,67.0,0,NEUTRAL,MEETING,0,-39.0,NEUTRAL,-0.4,0.0,MTF_DISAGREE|DEATH_CROSS,5.0,6.0,,-0.7999999999999998,False
PDD,,NEUTRAL âšª,17.8,,,0,0,,,0,,,0.0,0,NONE,7.0,3.0,,,NEUTRAL âšª,16.0,BULL,HOLD,67.0,0,NEUTRAL,BEATING,3,-39.0,NEUTRAL,0.0,0.0,MTF_DISAGREE,8.0,4.0,,-1.8000000000000007,False
SBUX,,NEUTRAL âšª,9.0,,,0,0,,,0,,,0.0,0,NONE,1.0,4.0,,,NEUTRAL âšª,8.4,BULL,HOLD,67.0,0,NEUTRAL,MISSING,1,-59.0,BULLISH,1.0,0.0,MTF_DISAGREE,2.0,6.0,,-0.5999999999999996,False
BIDU,,COMPRA ðŸŸ¢,33.5,,,0,0,,,0,,,0.0,0,NONE,8.0,1.0,,,COMPRA ðŸŸ¢,30.2,BULL,HOLD,67.0,0,NEUTRAL,BEATING,4,-39.0,NEUTRAL,0.0,13.0,MTF_DISAGREE,9.0,2.0,,-3.3000000000000007,False
LEN,,NEUTRAL âšª,18.4,,,0,0,,,0,,,0.0,0,NONE,6.0,3.0,,,NEUTRAL âšª,16.6,BULL,SELL,67.0,0,NEUTRAL,MEETING,1,-11.0,NEUTRAL,0.0,20.0,NONE,7.0,3.0,,-1.7999999999999972,False
SONY,,NEUTRAL âšª,21.2,,,0,0,,,0,,,0.0,0,NONE,7.0,2.0,,,NEUTRAL âšª,21.0,BULL,SELL,67.0,0,NEUTRAL,BEATING,3,40.0,NEUTRAL,0.0,20.0,NONE,10.0,2.0,,-0.1999999999999993,False
O,,NEUTRAL âšª,24.3,,,0,0,,,0,,,0.0,0,NONE,6.0,2.0,,,NEUTRAL âšª,21.9,BULL,HOLD,100.0,0,NEUTRAL,MISSING,0,-54.0,BEARISH,-0.7,0.0,MTF_DISAGREE|INSIDER_SELLING,6.0,5.0,,-2.400000000000002,False
MMM,,NEUTRAL âšª,21.6,,,0,0,,,0,,,0.0,0,NONE,6.0,2.0,,,NEUTRAL âšª,19.5,BULL,HOLD,100.0,0,NEUTRAL,BEATING,4,-67.0,NEUTRAL,-0.6,0.0,MTF_DISAGREE,7.0,3.0,,-2.1000000000000014,False
GE,,NEUTRAL âšª,18.6,,,0,0,,,0,,,0.0,0,NONE,6.0,2.0,,,NEUTRAL âšª,17.5,BULL,HOLD,100.0,0,NEUTRAL,BEATING,4,26.0,BEARISH,-2.4,13.0,MTF_DISAGREE|INSIDER_SELLING,8.0,4.0,,-1.1000000000000014,False
AAPL,,COMPRA ðŸŸ¢,32.4,,,0,0,,,0,,,0.0,0,NONE,7.0,1.0,,,COMPRA ðŸŸ¢,26.3,BULL,HOLD,67.0,2,NEUTRAL,MEETING,4,-58.0,BEARISH,-58.6,13.0,MTF_DISAGREE|INSIDER_SELLING,7.0,3.0,,-6.099999999999998,False
JPM,,NEUTRAL âšª,19.2,,,0,0,,,0,,,0.0,0,NONE,3.0,1.0,,,NEUTRAL âšª,19.0,BULL,HOLD,67.0,0,NEUTRAL,BEATING,4,17.0,BEARISH,-0.3,13.0,MTF_DISAGREE|INSIDER_SELLING,5.0,3.0,,-0.1999999999999993,False
V,,COMPRA ðŸŸ¢,40.2,,,0,0,,,0,,,0.0,0,NONE,7.0,1.0,,,COMPRA ðŸŸ¢,32.5,BULL,HOLD,67.0,2,NEUTRAL,MEETING,4,-60.0,BEARISH,-21.2,0.0,MTF_DISAGREE|INSIDER_SELLING,7.0,3.0,,-7.700000000000003,False
MA,,COMPRA ðŸŸ¢,29.4,,,0,0,,,0,,,0.0,0,NONE,7.0,1.0,,,COMPRA ðŸŸ¢,26.4,BULL,HOLD,67.0,0,NEUTRAL,MEETING,4,-58.0,NEUTRAL,0.0,0.0,MTF_DISAGREE,7.0,2.0,,-3.0,False
GS,,NEUTRAL âšª,22.5,,,0,0,,,0,,,0.0,0,NONE,5.0,0.0,,,NEUTRAL âšª,22.3,BULL,HOLD,67.0,0,NEUTRAL,BEATING,4,19.0,NEUTRAL,0.0,13.0,MTF_DISAGREE,7.0,1.0,,-0.1999999999999993,False
BRK.B,No se encontraron datos histÃ³ricos para BRK.B,ERROR,0.0,,,0,0,,,0,,,,0,,,,0.0,No se encontraron datos histÃ³ricos para BRK.B,ERROR,0.0,,,0.0,0,,,0,,,,0.0,,,,0.0,0.0,False
UNH,,NEUTRAL âšª,18.9,,,0,0,,,0,,,0.0,0,NONE,7.0,2.0,,,NEUTRAL âšª,17.0,BULL,SELL,67.0,1,NEUTRAL,MEETING,2,31.0,NEUTRAL,0.0,20.0,DEATH_CROSS,8.0,3.0,,-1.8999999999999986,False
LLY,,NEUTRAL âšª,20.4,,,0,0,,,0,,,0.0,0,NONE,6.0,3.0,,,NEUTRAL âšª,17.3,BULL,HOLD,100.0,0,NEUTRAL,BEATING,3,39.0,BEARISH,-3182.4,13.0,MTF_DISAGREE|INSIDER_SELLING,8.0,5.0,,-3.099999999999998,False
JNJ,,COMPRA ðŸŸ¢,40.5,,,0,0,,,0,,,0.0,0,NONE,8.0,1.0,,,COMPRA ðŸŸ¢,40.1,BULL,HOLD,100.0,1,NEUTRAL,MEETING,4,25.0,NEUTRAL,-0.5,13.0,MTF_DISAGREE,9.0,2.0,,-0.3999999999999986,False
ABBV,,COMPRA ðŸŸ¢,25.3,,,0,0,,,0,,,0.0,0,NONE,4.0,1.0,,,COMPRA ðŸŸ¢,22.7,BULL,HOLD,67.0,0,NEUTRAL,MEETING,4,-57.0,NEUTRAL,0.0,13.0,MTF_DISAGREE,4.0,2.0,,-2.6000000000000014,False
PG,,NEUTRAL âšª,18.9,,,0,0,,,0,,,0.0,0,NONE,6.0,3.0,,,NEUTRAL âšª,17.0,BULL,SELL,67.0,0,NEUTRAL,MEETING,4,26.0,NEUTRAL,-4.8,20.0,DEATH_CROSS,7.0,4.0,,-1.8999999999999986,False
KO,,COMPRA ðŸŸ¢,40.5,,,0,0,,,0,,,0.0,0,NONE,8.0,0.0,,,COMPRA ðŸŸ¢,40.1,BULL,HOLD,100.0,0,NEUTRAL,MEETING,4,-67.0,NEUTRAL,-10.8,0.0,MTF_DISAGREE,9.0,1.0,,-0.3999999999999986,False
COST,,NEUTRAL âšª,15.5,,,0,0,,,0,,,0.0,0,NONE,7.0,4.0,,,NEUTRAL âšª,12.6,BULL,SELL,67.0,0,NEUTRAL,MEETING,3,68.0,BEARISH,-7.0,20.0,DEATH_CROSS|INSIDER_SELLING,8.0,6.0,,-2.9000000000000004,False
MCD,,COMPRA ðŸŸ¢,29.0,,,0,0,,,0,,,0.0,0,NONE,3.0,2.0,,,COMPRA ðŸŸ¢,26.1,BULL,HOLD,100.0,0,NEUTRAL,MEETING,1,-52.0,NEUTRAL,-6.1,13.0,MTF_DISAGREE,3.0,3.0,,-2.8999999999999986,False
AVGO,,COMPRA ðŸŸ¢,27.0,,,0,0,,,0,,,0.0,0,NONE,7.0,1.0,,,NEUTRAL âšª,21.9,BULL,HOLD,100.0,0,NEUTRAL,MEETING,4,67.0,BEARISH,-195.2,7.0,MTF_DISAGREE|INSIDER_SELLING,7.0,3.0,,-5.100000000000001,True
NFLX,,NEUTRAL âšª,15.1,,,0,0,,,0,,,0.0,0,NONE,6.0,2.0,,,NEUTRAL âšª,13.6,BULL,HOLD,67.0,0,NEUTRAL,MEETING,3,24.0,NEUTRAL,-153.6,0.0,MTF_DISAGREE|DEATH_CROSS,6.0,4.0,,-1.5,False
ADBE,,NEUTRAL âšª,17.8,,,0,0,,,0,,,0.0,0,NONE,6.0,3.0,,,NEUTRAL âšª,16.0,BULL,HOLD,67.0,0,NEUTRAL,MEETING,4,75.0,BEARISH,-0.1,0.0,MTF_DISAGREE|INSIDER_SELLING,6.0,5.0,,-1.8000000000000007,False
NOW,,NEUTRAL âšª,15.8,,,0,0,,,0,,,0.0,0,NONE,6.0,3.0,,,NEUTRAL âšª,13.5,BULL,HOLD,67.0,0,NEUTRAL,BEATING,4,-59.0,BEARISH,-2.9,7.0,MTF_DISAGREE|DEATH_CROSS|INSIDER_SELLING,7.0,6.0,,-2.3000000000000007,False
CAT,,COMPRA ðŸŸ¢,27.0,,,0,0,,,0,,,0.0,0,NONE,6.0,2.0,,,NEUTRAL âšª,24.3,BULL,HOLD,100.0,0,NEUTRAL,MEETING,2,-59.0,NEUTRAL,-24.8,13.0,MTF_DISAGREE,6.0,3.0,,-2.6999999999999993,True
VOO,,NEUTRAL âšª,14.9,,,0,0,,,0,,,0.0,0,NONE,3.0,3.0,,,NEUTRAL âšª,13.4,BULL,HOLD,67.0,0,NEUTRAL,UNKNOWN,0,,NEUTRAL,0.0,20.0,MTF_DISAGREE,3.0,4.0,,-1.5,False
SPY,,NEUTRAL âšª,14.9,,,0,0,,,0,,,0.0,0,NONE,3.0,3.0,,,NEUTRAL âšª,13.4,BULL,HOLD,67.0,0,NEUTRAL,UNKNOWN,0,,NEUTRAL,0.0,13.0,MTF_DISAGREE,3.0,4.0,,-1.5,False
QQQ,,NEUTRAL âšª,14.9,,,0,0,,,0,,,0.0,0,NONE,3.0,3.0,,,NEUTRAL âšª,13.4,BULL,HOLD,67.0,0,NEUTRAL,UNKNOWN,0,,NEUTRAL,0.0,13.0,MTF_DISAGREE,3.0,4.0,,-1.5,False
